{
  "metadata": {
    "generated_at": "2026-04-05T16:37:36.288471",
    "seed": 42,
    "data_source": "enhanced:BTCUSDT",
    "run_time_seconds": 2.1916582584381104,
    "bars_analyzed": 127
  },
  "settings": {
    "data_provider": "parquet",
    "symbols": [
      "BTCUSDT"
    ],
    "timeframe": "15m",
    "initial_equity": 10000,
    "leverage": 35
  },
  "config": {
    "stop_multiplier": 0.5,
    "tp_multiplier": 3.0,
    "max_bars_held": 8,
    "atr_period": 14,
    "taker_fee": 0.0004,
    "maker_fee": 0.0002,
    "risk_per_trade": 0.01,
    "max_position_size": 0.05
  },
  "metrics": {
    "avg_bars_held": 3.1,
    "avg_drawdown": 0.007039701938339819,
    "avg_entry_to_stop_pct": 0.12310538089071325,
    "avg_entry_to_tp_pct": 0.0,
    "avg_loss": -23.321182000528236,
    "avg_realized_stop_pct": 0.12897520115144018,
    "avg_realized_tp_pct": 0.554473132010792,
    "avg_slippage_bps": 0.3287526592848981,
    "avg_trade_duration": 3.1,
    "avg_win": 97.15076373952496,
    "bars_analyzed": 0,
    "calmar_ratio": 1.0858043105081826e+16,
    "daily_returns": [
      0.010829710628206158,
      -1.1047734478275869e-05,
      0.007646828716019609,
      0.004030483075409657,
      0.0033720332660221474,
      -0.016126770928782463,
      0.000681294899659521,
      0.00020138818108616485,
      2.6524143830608826e-05,
      -0.00012197326313879445
    ],
    "drawdown_curve": [
      0.0,
      0.0,
      1.1047734478275869e-05,
      0.0,
      0.0,
      0.0,
      0.016126770928782463,
      0.015456463115904697,
      0.01525818768381147,
      0.01523206825034558,
      0.015352183608415528
    ],
    "equity_curve": [
      10000.0,
      10108.297106282062,
      10108.185432499604,
      10185.480995131693,
      10226.533403897478,
      10261.017614731507,
      10095.54053416253,
      10102.418574437761,
      10104.453082139038,
      10104.721094105918,
      10103.488588300963
    ],
    "events_processed": 0,
    "events_rejected": 0,
    "final_equity": 10103.488588300963,
    "initial_equity": 10000,
    "losing_trades": 7,
    "max_consecutive_losses": 5,
    "max_consecutive_wins": 3,
    "max_drawdown": 0.016126770928782463,
    "max_drawdown_duration": 1,
    "monthly_returns": {},
    "pnl_by_direction": {
      "LONG": -5.620356669261998,
      "SHORT": 133.82437388413922
    },
    "pnl_by_exit_reason": {
      "stop_loss": -163.24827400369765,
      "time_exit": 58.28775428432594,
      "take_profit": 233.16453693424893
    },
    "pnl_by_regime": {
      "MIXED": 128.20401721487724
    },
    "pnl_by_strategy": {
      "volatility_breakout": -41.16795224525777,
      "momentum": 169.371969460135
    },
    "pnl_by_symbol": {
      "BTCUSDT": 128.20401721487724
    },
    "profit_factor": 1.785331532583146,
    "sharpe_ratio": 29.285701418114996,
    "sortino_ratio": 26.031144187998937,
    "total_pnl": 128.20401721487724,
    "total_return_pct": 1.2820401721487724,
    "total_slippage": 0.01661477093800919,
    "total_trades": 10,
    "trades_by_direction": {
      "LONG": 9,
      "SHORT": 1
    },
    "trades_by_regime": {
      "MIXED": 10
    },
    "trades_by_strategy": {
      "volatility_breakout": 7,
      "momentum": 3
    },
    "win_rate": 0.3,
    "winning_trades": 3
  },
  "trades": [
    {
      "trade_id": "bt_pos_1",
      "symbol": "BTCUSDT",
      "signal_type": "long",
      "direction": "LONG",
      "entry_price": 124277.70000000001,
      "exit_price": 124146.34666666668,
      "quantity": 0.0040232479358726465,
      "pnl": -18.89613456530539,
      "pnl_pct": -0.18896323528540673,
      "fees": 0.39978861318911874,
      "exit_reason": "stop_loss",
      "entry_seq": 15,
      "exit_seq": 16,
      "strategy": "volatility_breakout",
      "regime": "MIXED",
      "bars_held": 1,
      "atr_at_entry": 262.70666666666705,
      "stop_loss": 124146.34666666668,
      "take_profit": 125065.82,
      "equity_after": 9981.003865434694,
      "entry_to_stop_dist_pct": 0.10569340544066437,
      "entry_to_tp_dist_pct": 0.6341604326439862,
      "realized_stop_pct": 0.10569340544066437,
      "realized_tp_pct": 0
    },
    {
      "trade_id": "bt_pos_2",
      "symbol": "BTCUSDT",
      "signal_type": "long",
      "direction": "LONG",
      "entry_price": 124449.80000000002,
      "exit_price": 124317.21333333335,
      "quantity": 0.0040100521919017515,
      "pnl": -19.007808347762985,
      "pnl_pct": -0.1904417499884359,
      "fees": 0.39902748283607425,
      "exit_reason": "stop_loss",
      "entry_seq": 19,
      "exit_seq": 20,
      "strategy": "volatility_breakout",
      "regime": "MIXED",
      "bars_held": 1,
      "atr_at_entry": 265.1733333333328,
      "stop_loss": 124317.21333333335,
      "take_profit": 125245.32000000002,
      "equity_after": 9961.896247048275,
      "entry_to_stop_dist_pct": 0.10653827219221707,
      "entry_to_tp_dist_pct": 0.6392296331532906,
      "realized_stop_pct": 0.10653827219221707,
      "realized_tp_pct": 0
    },
    {
      "trade_id": "bt_pos_3",
      "symbol": "BTCUSDT",
      "signal_type": "long",
      "direction": "LONG",
      "entry_price": 123813.1,
      "exit_price": 124229.9,
      "quantity": 0.004022957282811057,
      "pnl": 58.28775428432594,
      "pnl_pct": 0.5851128713066908,
      "fees": 0.3991465573201213,
      "exit_reason": "time_exit",
      "entry_seq": 35,
      "exit_seq": 43,
      "strategy": "momentum",
      "regime": "MIXED",
      "bars_held": 8,
      "atr_at_entry": 265.199999999999,
      "stop_loss": 123680.5,
      "take_profit": 124608.7,
      "equity_after": 10020.084382370129,
      "entry_to_stop_dist_pct": 0.1070969065470502,
      "entry_to_tp_dist_pct": 0.642581439282266,
      "realized_stop_pct": 0,
      "realized_tp_pct": 0.3366364302323327
    },
    {
      "trade_id": "bt_pos_4",
      "symbol": "BTCUSDT",
      "signal_type": "long",
      "direction": "LONG",
      "entry_price": 124132.30000000002,
      "exit_price": 124838.38000000002,
      "quantity": 0.00403605040040752,
      "pnl": 99.34016305010972,
      "pnl_pct": 0.9914203580606615,
      "fees": 0.4019432850814931,
      "exit_reason": "take_profit",
      "entry_seq": 44,
      "exit_seq": 51,
      "strategy": "volatility_breakout",
      "regime": "MIXED",
      "bars_held": 7,
      "atr_at_entry": 235.35999999999962,
      "stop_loss": 124014.62000000002,
      "take_profit": 124838.38000000002,
      "equity_after": 10119.324344576415,
      "entry_to_stop_dist_pct": 0.09480207810537064,
      "entry_to_tp_dist_pct": 0.568812468632259,
      "realized_stop_pct": 0,
      "realized_tp_pct": 0.568812468632259
    },
    {
      "trade_id": "bt_pos_5",
      "symbol": "BTCUSDT",
      "signal_type": "short",
      "direction": "SHORT",
      "entry_price": 123825.4,
      "exit_price": 122886.84,
      "quantity": 0.004086126248966858,
      "pnl": 133.82437388413922,
      "pnl_pct": 1.3224767542211084,
      "fees": 0.4032389439221645,
      "exit_reason": "take_profit",
      "entry_seq": 55,
      "exit_seq": 56,
      "strategy": "momentum",
      "regime": "MIXED",
      "bars_held": 1,
      "atr_at_entry": 312.8533333333316,
      "stop_loss": 123981.82666666666,
      "take_profit": 122886.84,
      "equity_after": 10253.047525217109,
      "entry_to_stop_dist_pct": 0.12632841619463075,
      "entry_to_tp_dist_pct": 0.7579704971677844,
      "realized_stop_pct": 0,
      "realized_tp_pct": 0.7579704971677844
    },
    {
      "trade_id": "bt_pos_6",
      "symbol": "BTCUSDT",
      "signal_type": "long",
      "direction": "LONG",
      "entry_price": 122008.20000000001,
      "exit_price": 121795.75333333334,
      "quantity": 0.004201786242734959,
      "pnl": -31.652706684838183,
      "pnl_pct": -0.3087181946364779,
      "fees": 0.40976483881615844,
      "exit_reason": "stop_loss",
      "entry_seq": 82,
      "exit_seq": 84,
      "strategy": "volatility_breakout",
      "regime": "MIXED",