{
  "metadata": {
    "generated_at": "2026-04-05T16:35:54.718037",
    "seed": 42,
    "data_source": "enhanced:BTCUSDT",
    "run_time_seconds": 2.949449062347412,
    "bars_analyzed": 167
  },
  "settings": {
    "data_provider": "parquet",
    "symbols": [
      "BTCUSDT"
    ],
    "timeframe": "15m",
    "initial_equity": 10000,
    "leverage": 35
  },
  "config": {
    "stop_multiplier": 0.5,
    "tp_multiplier": 3.0,
    "max_bars_held": 8,
    "atr_period": 14,
    "taker_fee": 0.0004,
    "maker_fee": 0.0002,
    "risk_per_trade": 0.01,
    "max_position_size": 0.05
  },
  "metrics": {
    "avg_bars_held": 2.6,
    "avg_drawdown": 0.008764833540250433,
    "avg_entry_to_stop_pct": 0.11190911505816173,
    "avg_entry_to_tp_pct": 0.0,
    "avg_loss": -17.446515624666972,
    "avg_realized_stop_pct": 0.09773024558878769,
    "avg_realized_tp_pct": 0.0,
    "avg_slippage_bps": 0.16939692391182798,
    "avg_trade_duration": 2.6,
    "avg_win": 0.0,
    "bars_analyzed": 0,
    "calmar_ratio": -82.37914773110124,
    "daily_returns": [
      -0.009688158685833878,
      0.0001687796552722096,
      -0.00047118786627842196,
      -0.001278168351861942,
      -0.0008959583232493653
    ],
    "drawdown_curve": [
      0.0,
      0.009688158685833878,
      0.009521014194644887,
      0.009987715874560127,
      0.011253118244083817,
      0.012138994242379885
    ],
    "equity_curve": [
      10000.0,
      9903.118413141661,
      9904.789858053551,
      9900.122841254399,
      9887.468817559162,
      9878.610057576201
    ],
    "events_processed": 0,
    "events_rejected": 0,
    "final_equity": 9878.610057576201,
    "initial_equity": 10000,
    "losing_trades": 5,
    "max_consecutive_losses": 5,
    "max_consecutive_wins": 0,
    "max_drawdown": 0.012138994242379885,
    "max_drawdown_duration": 5,
    "monthly_returns": {},
    "pnl_by_direction": {
      "SHORT": -87.23257812333486
    },
    "pnl_by_exit_reason": {
      "stop_loss": -79.7539230352242,
      "time_exit": -7.478655088110668
    },
    "pnl_by_regime": {
      "MIXED": -87.23257812333486
    },
    "pnl_by_strategy": {
      "momentum": -87.23257812333486
    },
    "pnl_by_symbol": {
      "BTCUSDT": -87.23257812333486
    },
    "profit_factor": 0.0,
    "sharpe_ratio": -124.456707510491,
    "sortino_ratio": -119.09717708379013,
    "total_pnl": -87.23257812333486,
    "total_return_pct": -0.8723257812333487,
    "total_slippage": 0.008451360502207432,
    "total_trades": 5,
    "trades_by_direction": {
      "SHORT": 5
    },
    "trades_by_regime": {
      "MIXED": 5
    },
    "trades_by_strategy": {
      "momentum": 5
    },
    "win_rate": 0.0,
    "winning_trades": 0
  },
  "trades": [
    {
      "trade_id": "bt_pos_1",
      "symbol": "BTCUSDT",
      "signal_type": "short",
      "direction": "SHORT",
      "entry_price": 114219.0,
      "exit_price": 114276.1095,
      "quantity": 0.004377555397963561,
      "pnl": -9.15010000000091,
      "pnl_pct": -0.09150191501915929,
      "fees": 0.4001,
      "exit_reason": "stop_loss",
      "entry_seq": 11,
      "exit_seq": 12,
      "strategy": "momentum",
      "regime": "MIXED",
      "bars_held": 1,
      "atr_at_entry": 114.21900000000001,
      "stop_loss": 114276.1095,
      "take_profit": 113876.343,
      "equity_after": 9990.749899999999,
      "entry_to_stop_dist_pct": 0.05000000000000519,
      "entry_to_tp_dist_pct": 0.3000000000000057,
      "realized_stop_pct": 0.05000000000000519,
      "realized_tp_pct": 0
    },
    {
      "trade_id": "bt_pos_2",
      "symbol": "BTCUSDT",
      "signal_type": "short",
      "direction": "SHORT",
      "entry_price": 118552.0,
      "exit_price": 118600.0,
      "quantity": 0.004213657255887711,
      "pnl": -7.478655088110668,
      "pnl_pct": -0.07485654180382818,
      "fees": 0.39971089821931305,
      "exit_reason": "time_exit",
      "entry_seq": 114,
      "exit_seq": 122,
      "strategy": "momentum",
      "regime": "MIXED",
      "bars_held": 8,
      "atr_at_entry": 264.09333333333296,
      "stop_loss": 118684.04666666666,
      "take_profit": 117759.72,
      "equity_after": 9983.171337412889,
      "entry_to_stop_dist_pct": 0.11138290932811055,
      "entry_to_tp_dist_pct": 0.6682974559686878,
      "realized_stop_pct": 0.040488561981240304,
      "realized_tp_pct": 0
    },
    {
      "trade_id": "bt_pos_3",
      "symbol": "BTCUSDT",
      "signal_type": "short",
      "direction": "SHORT",
      "entry_price": 118575.30000000002,
      "exit_price": 118655.02333333335,
      "quantity": 0.004209633598824075,
      "pnl": -12.145671887263557,
      "pnl_pct": -0.12166267546345207,
      "fees": 0.39946109590555967,
      "exit_reason": "stop_loss",
      "entry_seq": 139,
      "exit_seq": 141,
      "strategy": "momentum",
      "regime": "MIXED",
      "bars_held": 2,
      "atr_at_entry": 159.44666666666745,
      "stop_loss": 118655.02333333335,
      "take_profit": 118096.96000000002,
      "equity_after": 9970.92583381225,
      "entry_to_stop_dist_pct": 0.06723435094267347,
      "entry_to_tp_dist_pct": 0.40340610565606533,
      "realized_stop_pct": 0.06723435094267347,
      "realized_tp_pct": 0
    },
    {
      "trade_id": "bt_pos_4",
      "symbol": "BTCUSDT",
      "signal_type": "short",
      "direction": "SHORT",
      "entry_price": 118768.0,
      "exit_price": 118934.08333333333,
      "quantity": 0.004197648286496469,
      "pnl": -24.79969558249971,
      "pnl_pct": -0.24872257597019554,
      "fees": 0.399115897120323,
      "exit_reason": "stop_loss",
      "entry_seq": 155,
      "exit_seq": 156,
      "strategy": "momentum",
      "regime": "MIXED",
      "bars_held": 1,
      "atr_at_entry": 332.1666666666686,
      "stop_loss": 118934.08333333333,
      "take_profit": 117771.5,
      "equity_after": 9946.026428971412,
      "entry_to_stop_dist_pct": 0.13983845255736266,
      "entry_to_tp_dist_pct": 0.8390307153442005,
      "realized_stop_pct": 0.13983845255736266,
      "realized_tp_pct": 0
    },
    {
      "trade_id": "bt_pos_5",
      "symbol": "BTCUSDT",
      "signal_type": "short",
      "direction": "SHORT",
      "entry_price": 119390.6,
      "exit_price": 119618.74333333335,
      "quantity": 0.004165330616049929,
      "pnl": -33.658455565460024,
      "pnl_pct": -0.33841446525155117,
      "fees": 0.39822117412332897,
      "exit_reason": "stop_loss",
      "entry_seq": 165,
      "exit_seq": 166,
      "strategy": "momentum",
      "regime": "MIXED",
      "bars_held": 1,
      "atr_at_entry": 456.2866666666678,
      "stop_loss": 119618.74333333335,
      "take_profit": 118021.74,
      "equity_after": 9912.268513141662,
      "entry_to_stop_dist_pct": 0.19108986246265677,
      "entry_to_tp_dist_pct": 1.1465391747759042,
      "realized_stop_pct": 0.19108986246265677,
      "realized_tp_pct": 0
    }
  ],
  "parameter_updates": 0,
  "kill_triggered": true,
  "kill_reason": "5 consecutive losses"
}