{
  "metadata": {
    "generated_at": "2026-04-05T14:25:22.593009",
    "seed": 42,
    "data_source": "enhanced:BTCUSDT",
    "run_time_seconds": 2.4439198970794678,
    "bars_analyzed": 187
  },
  "settings": {
    "data_provider": "parquet",
    "symbols": [
      "BTCUSDT"
    ],
    "timeframe": "15m",
    "initial_equity": 10000,
    "leverage": 35
  },
  "config": {
    "stop_multiplier": 1.5,
    "tp_multiplier": 2.5,
    "max_bars_held": 8,
    "atr_period": 14,
    "taker_fee": 0.0004,
    "maker_fee": 0.0002,
    "risk_per_trade": 0.01,
    "max_position_size": 0.05
  },
  "metrics": {
    "avg_drawdown": 0.0,
    "avg_loss": 0.0,
    "avg_slippage_bps": 0.0,
    "avg_trade_duration": 0.0,
    "avg_win": 0.0,
    "bars_analyzed": 0,
    "calmar_ratio": 0.0,
    "daily_returns": [
      -0.046918428080725605,
      0.003413988450175763,
      -0.008485524533471244,
      0.000473387864533792,
      0.009462748732568794,
      -0.0060969461387848315,
      0.008526471240335752,
      -0.010340411144405058,
      -6.8096503580393895e-06,
      0.00010718407397942499,
      0.00020183657385302822,
      -0.001587220061634043
    ],
    "drawdown_curve": [
      0.0,
      0.046918428080725605,
      0.043664618602117844,
      0.05177962594319615,
      0.05133074992521397,
      0.0423537311814418,
      0.04819244890243681,
      0.04007688919166903,
      0.050002888824443474,
      0.050009357972611725,
      0.0499075341053569,
      0.04971577069719715,
      0.051224080890201
    ],
    "equity_curve": [
      10000.0,
      9530.815719192744,
      9563.353813978822,
      9482.203740568038,
      9486.69250074786,
      9576.462688185582,
      9518.075510975632,
      9599.23110808331,
      9499.971111755565,
      9499.906420273883,
      9500.924658946431,
      9502.842293028029,
      9487.75919109799
    ],
    "events_processed": 0,
    "events_rejected": 0,
    "final_equity": 9487.75919109799,
    "initial_equity": 10000,
    "losing_trades": 0,
    "max_consecutive_losses": 0,
    "max_consecutive_wins": 0,
    "max_drawdown": 0.05177962594319615,
    "max_drawdown_duration": 3,
    "monthly_returns": {},
    "pnl_by_regime": {},
    "pnl_by_strategy": {},
    "pnl_by_symbol": {},
    "profit_factor": 0.0,
    "sharpe_ratio": -56.82345198851795,
    "sortino_ratio": -50.2087493891722,
    "total_pnl": 0.0,
    "total_return_pct": -5.1224080890201,
    "total_slippage": 0.0,
    "total_trades": 0,
    "win_rate": 0.0,
    "winning_trades": 0
  },
  "trades": [
    {
      "trade_id": "bt_pos_1",
      "symbol": "BTCUSDT",
      "signal_type": "short",
      "entry_price": 71029.7,
      "exit_price": 71136.24455,
      "quantity": 0.007039308908808569,
      "pnl": -26.65030000000148,
      "pnl_pct": -0.2665056650566654,
      "fees": 0.40030000000000004,
      "exit_reason": "stop_loss",
      "entry_seq": 12,
      "exit_seq": 13,
      "strategy": "momentum",
      "regime": "MIXED",
      "bars_held": 1,
      "atr_at_entry": 71.0297,
      "stop_loss": 71136.24455,
      "take_profit": 70852.12574999999,
      "equity_after": 9973.249699999998
    },
    {
      "trade_id": "bt_pos_2",
      "symbol": "BTCUSDT",
      "signal_type": "long",
      "entry_price": 70514.6,
      "exit_price": 70540.0,
      "quantity": 0.007071762230800429,
      "pnl": 5.887794786075875,
      "pnl_pct": 0.059036460950260994,
      "fees": 0.3990018371042649,
      "exit_reason": "time_exit",
      "entry_seq": 28,
      "exit_seq": 36,
      "strategy": "momentum",
      "regime": "MIXED",
      "bars_held": 8,
      "atr_at_entry": 278.58666666666977,
      "stop_loss": 70096.72,
      "take_profit": 71211.06666666668,
      "equity_after": 9979.037762289076
    },
    {
      "trade_id": "bt_pos_3",
      "symbol": "BTCUSDT",
      "signal_type": "long",
      "entry_price": 70523.70000000001,
      "exit_price": 70221.37000000001,
      "quantity": 0.007074953357728731,
      "pnl": -75.262278624707,
      "pnl_pct": -0.754211308222919,
      "fees": 0.3983059222321062,
      "exit_reason": "stop_loss",
      "entry_seq": 45,
      "exit_seq": 47,
      "strategy": "volatility_breakout",
      "regime": "MIXED",
      "bars_held": 2,
      "atr_at_entry": 201.55333333333354,
      "stop_loss": 70221.37000000001,
      "take_profit": 71027.58333333334,
      "equity_after": 9903.675693286747
    },
    {
      "trade_id": "bt_pos_4",
      "symbol": "BTCUSDT",
      "signal_type": "short",
      "entry_price": 68083.0,
      "exit_price": 68359.45999999999,
      "quantity": 0.007273236853022595,
      "pnl": -70.77351844488548,
      "pnl_pct": -0.7146258457869535,
      "fees": 0.39695133135562455,
      "exit_reason": "stop_loss",
      "entry_seq": 95,
      "exit_seq": 98,
      "strategy": "momentum",
      "regime": "MIXED",
      "bars_held": 3,
      "atr_at_entry": 184.30666666666608,
      "stop_loss": 68359.45999999999,
      "take_profit": 67622.23333333334,
      "equity_after": 9832.80313808493
    },
    {
      "trade_id": "bt_pos_5",
      "symbol": "BTCUSDT",
      "signal_type": "long",
      "entry_price": 68243.20000000001,
      "exit_price": 68320.1,
      "quantity": 0.00720423656722203,
      "pnl": 18.996668992836423,
      "pnl_pct": 0.19319881314257584,
      "fees": 0.39353372784020496,
      "exit_reason": "time_exit",
      "entry_seq": 99,
      "exit_seq": 107,
      "strategy": "volatility_breakout",
      "regime": "MIXED",
      "bars_held": 8,
      "atr_at_entry": 158.99999999999903,
      "stop_loss": 68004.70000000001,
      "take_profit": 68640.70000000001,
      "equity_after": 9851.701479046385
    },
    {
      "trade_id": "bt_pos_6",
      "symbol": "BTCUSDT",
      "signal_type": "long",
      "entry_price": 67994.80000000002,
      "exit_price": 67841.0,
      "quantity": 0.007244452133873755,
      "pnl": -39.390508217113435,
      "pnl_pct": -0.39983856808811485,
      "fees": 0.3936223804665795,
      "exit_reason": "time_exit",
      "entry_seq": 113,
      "exit_seq": 121,
      "strategy": "volatility_breakout",
      "regime": "MIXED",
      "bars_held": 8,
      "atr_at_entry": 156.93333333333237,
      "stop_loss": 67759.40000000002,
      "take_profit": 68387.13333333335,
      "equity_after": 9812.212453814482
    },
    {
      "trade_id": "bt_pos_7",
      "symbol": "BTCUSDT",
      "signal_type": "long",
      "entry_price": 67939.20000000001,
      "exit_price": 68106.0,
      "quantity": 0.007221318806973353,
      "pnl": 41.76508889056411,
      "pnl_pct": 0.4256482087217068,
      "fees": 0.3929703045433805,
      "exit_reason": "time_exit",
      "entry_seq": 134,
      "exit_seq": 142,
      "strategy": "volatility_breakout",
      "regime": "MIXED",
      "bars_held": 8,
      "atr_at_entry": 174.1533333333345,
      "stop_loss": 67677.97000000002,
      "take_profit": 68374.58333333334,
      "equity_after": 9853.879420580508
    },
    {
      "trade_id": "bt_pos_8",
      "symbol": "BTCUSDT",
      "signal_type": "long",
      "entry_price": 67891.30000000002,
      "exit_price": 67666.49000000002,
      "quantity": 0.007257100262169458,
      "pnl": -57.494907437179705,
      "pnl_pct": -0.5834806773860083,
      "fees": 0.39350258933924503,
      "exit_reason": "stop_loss",
      "entry_seq": 151,
      "exit_seq": 152,
      "strategy": "volatility_breakout",
      "regime": "MIXED",
      "bars_held": 1,
      "atr_at_entry": 149.87333333333373,
      "stop_loss": 67666.49000000002,
      "take_profit": 68265.98333333335,
      "equity_after": 9796.285974349123
    },
    {
      "trade_id": "bt_pos_9",
      "symbol": "BTCUSDT",
      "signal_type": "long",
      "entry_price": 67892.2,
      "exit_price": 67665.8,
      "quantity": 0.007214588696749497,
      "pnl": -57.55959891886313,
      "pnl_pct": -0.5875713987048311,
      "fees": 0.3911980858215873,
      "exit_reason": "stop_loss",
      "entry_seq": 156,
      "exit_seq": 162,