{
  "metadata": {
    "generated_at": "2026-04-05T15:47:55.731624",
    "seed": 42,
    "data_source": "enhanced:BTCUSDT",
    "run_time_seconds": 10.824869155883789,
    "bars_analyzed": 692
  },
  "settings": {
    "data_provider": "parquet",
    "symbols": [
      "BTCUSDT"
    ],
    "timeframe": "15m",
    "initial_equity": 10000,
    "leverage": 35
  },
  "config": {
    "stop_multiplier": 0.5,
    "tp_multiplier": 3.0,
    "max_bars_held": 8,
    "atr_period": 14,
    "taker_fee": 0.0004,
    "maker_fee": 0.0002,
    "risk_per_trade": 0.01,
    "max_position_size": 0.05
  },
  "metrics": {
    "avg_bars_held": 3.5454545454545454,
    "avg_drawdown": 0.013361281173666277,
    "avg_entry_to_stop_pct": 0.19856622390899037,
    "avg_entry_to_tp_pct": 0.0,
    "avg_loss": -31.931902526489278,
    "avg_realized_stop_pct": 0.18134368724636973,
    "avg_realized_tp_pct": 0.45111251705693234,
    "avg_slippage_bps": 0.6332986482742619,
    "avg_trade_duration": 3.5454545454545454,
    "avg_win": 77.38672608901562,
    "bars_analyzed": 0,
    "calmar_ratio": -46.525142115241046,
    "daily_returns": [
      -0.02149375487178604,
      0.00546835841256199,
      -0.0008627027405766146,
      0.00022442214174628073,
      0.014525018961642969,
      -0.006299705685983615,
      -0.00881940624853254,
      0.0008004986600066216,
      0.002974459384038579,
      -0.0010916085522042177,
      0.000141328449190358
    ],
    "drawdown_curve": [
      0.0,
      0.02149375487178604,
      0.016142932014494727,
      0.016991708203381493,
      0.016771099377182144,
      0.002489680952000344,
      0.008773702380734357,
      0.017515729783667486,
      0.016729252441881726,
      0.013804553539756853,
      0.01488109292325771,
      0.014741867595852455
    ],
    "equity_curve": [
      10000.0,
      9785.06245128214,
      9838.570679855053,
      9830.082917966185,
      9832.289006228179,
      9975.103190479997,
      9912.262976192656,
      9824.842702163325,
      9832.707475581183,
      9861.954464602431,
      9851.189070767423,
      9852.581324041475
    ],
    "events_processed": 0,
    "events_rejected": 0,
    "final_equity": 9852.581324041475,
    "initial_equity": 10000,
    "losing_trades": 9,
    "max_consecutive_losses": 5,
    "max_consecutive_wins": 2,
    "max_drawdown": 0.02149375487178604,
    "max_drawdown_duration": 1,
    "monthly_returns": {},
    "pnl_by_direction": {
      "LONG": -187.72332001600475,
      "SHORT": 55.10964945563246
    },
    "pnl_by_exit_reason": {
      "stop_loss": -283.04523009352323,
      "time_exit": 150.43155953315096
    },
    "pnl_by_regime": {
      "MIXED": -132.6136705603723
    },
    "pnl_by_strategy": {
      "momentum": -103.79135087465008,
      "volatility_breakout": -28.82231968572222
    },
    "pnl_by_symbol": {
      "BTCUSDT": -132.6136705603723
    },
    "profit_factor": 0.5385538875341852,
    "sharpe_ratio": -28.571324538871007,
    "sortino_ratio": -32.59499716029279,
    "total_pnl": -132.6136705603723,
    "total_return_pct": -1.326136705603723,
    "total_slippage": 0.03137626891137265,
    "total_trades": 11,
    "trades_by_direction": {
      "LONG": 5,
      "SHORT": 6
    },
    "trades_by_regime": {
      "MIXED": 11
    },
    "trades_by_strategy": {
      "momentum": 9,
      "volatility_breakout": 2
    },
    "win_rate": 0.18181818181818182,
    "winning_trades": 2
  },
  "trades": [
    {
      "trade_id": "bt_pos_1",
      "symbol": "BTCUSDT",
      "signal_type": "long",
      "direction": "LONG",
      "entry_price": 68717.80000000002,
      "exit_price": 68400.38333333335,
      "quantity": 0.007276135149844726,
      "pnl": -81.23390596517085,
      "pnl_pct": -0.8123471831235397,
      "fees": 0.3990761733738081,
      "exit_reason": "stop_loss",
      "entry_seq": 36,
      "exit_seq": 38,
      "strategy": "momentum",
      "regime": "MIXED",
      "bars_held": 2,
      "atr_at_entry": 634.8333333333334,
      "stop_loss": 68400.38333333335,
      "take_profit": 70622.30000000002,
      "equity_after": 9918.666094034828,
      "entry_to_stop_dist_pct": 0.46191331309598305,
      "entry_to_tp_dist_pct": 2.771479878575856,
      "realized_stop_pct": 0.46191331309598305,
      "realized_tp_pct": 0
    },
    {
      "trade_id": "bt_pos_2",
      "symbol": "BTCUSDT",
      "signal_type": "short",
      "direction": "SHORT",
      "entry_price": 69190.7,
      "exit_price": 69299.63666666666,
      "quantity": 0.0071676295326068605,
      "pnl": -27.725677392258884,
      "pnl_pct": -0.27953309839193025,
      "fees": 0.3970589708290667,
      "exit_reason": "stop_loss",
      "entry_seq": 119,
      "exit_seq": 120,
      "strategy": "momentum",
      "regime": "MIXED",
      "bars_held": 1,
      "atr_at_entry": 217.8733333333347,
      "stop_loss": 69299.63666666666,
      "take_profit": 68537.07999999999,
      "equity_after": 9890.84122998163,
      "entry_to_stop_dist_pct": 0.157444088102391,
      "entry_to_tp_dist_pct": 0.9446645286144091,
      "realized_stop_pct": 0.157444088102391,
      "realized_tp_pct": 0
    },
    {
      "trade_id": "bt_pos_3",
      "symbol": "BTCUSDT",
      "signal_type": "long",
      "direction": "LONG",
      "entry_price": 70424.9,
      "exit_price": 70279.16666666666,
      "quantity": 0.0070222614657469385,
      "pnl": -36.21343928112506,
      "pnl_pct": -0.36613469549350464,
      "fees": 0.3952242981708886,
      "exit_reason": "stop_loss",
      "entry_seq": 294,
      "exit_seq": 295,
      "strategy": "momentum",
      "regime": "MIXED",
      "bars_held": 1,
      "atr_at_entry": 291.46666666666374,
      "stop_loss": 70279.16666666666,
      "take_profit": 71299.29999999999,
      "equity_after": 9854.528882288205,
      "entry_to_stop_dist_pct": 0.20693438447670814,
      "entry_to_tp_dist_pct": 1.2416063068602075,
      "realized_stop_pct": 0.20693438447670814,
      "realized_tp_pct": 0
    },
    {
      "trade_id": "bt_pos_4",
      "symbol": "BTCUSDT",
      "signal_type": "short",
      "direction": "SHORT",
      "entry_price": 70017.5,
      "exit_price": 70153.97,
      "quantity": 0.007037189904158392,
      "pnl": -34.00735101913166,
      "pnl_pct": -0.3450970767071931,
      "fees": 0.3945653014140164,
      "exit_reason": "stop_loss",
      "entry_seq": 298,
      "exit_seq": 299,
      "strategy": "momentum",
      "regime": "MIXED",
      "bars_held": 1,
      "atr_at_entry": 272.9399999999975,
      "stop_loss": 70153.97,
      "take_profit": 69198.68000000001,
      "equity_after": 9820.422985980249,
      "entry_to_stop_dist_pct": 0.19490841575320622,
      "entry_to_tp_dist_pct": 1.1694504945192166,
      "realized_stop_pct": 0.19490841575320622,
      "realized_tp_pct": 0
    },
    {
      "trade_id": "bt_pos_5",
      "symbol": "BTCUSDT",
      "signal_type": "short",
      "direction": "SHORT",
      "entry_price": 68964.30000000002,
      "exit_price": 68526.1,
      "quantity": 0.007119932331641332,
      "pnl": 108.8068332326859,
      "pnl_pct": 1.1079759137384866,
      "fees": 0.39156893770011986,
      "exit_reason": "time_exit",
      "entry_seq": 330,
      "exit_seq": 338,
      "strategy": "momentum",
      "regime": "MIXED",
      "bars_held": 8,
      "atr_at_entry": 241.25333333333546,
      "stop_loss": 69084.92666666668,
      "take_profit": 68240.54000000001,
      "equity_after": 9929.131614983075,
      "entry_to_stop_dist_pct": 0.17491175385911745,
      "entry_to_tp_dist_pct": 1.049470523154747,
      "realized_stop_pct": 0,
      "realized_tp_pct": 0.6354012148314585
    },
    {
      "trade_id": "bt_pos_6",
      "symbol": "BTCUSDT",
      "signal_type": "short",
      "direction": "SHORT",
      "entry_price": 67535.20000000001,
      "exit_price": 67355.0,
      "quantity": 0.007351078855902606,
      "pnl": 45.96661894534534,
      "pnl_pct": 0.4629516497370939,
      "fees": 0.3966353988353895,
      "exit_reason": "time_exit",
      "entry_seq": 473,