{
  "metadata": {
    "generated_at": "2026-04-05T16:36:07.921507",
    "seed": 42,
    "data_source": "enhanced:BTCUSDT",
    "run_time_seconds": 0.457735538482666,
    "bars_analyzed": 20
  },
  "settings": {
    "data_provider": "parquet",
    "symbols": [
      "BTCUSDT"
    ],
    "timeframe": "15m",
    "initial_equity": 10000,
    "leverage": 35
  },
  "config": {
    "stop_multiplier": 0.3,
    "tp_multiplier": 3.0,
    "max_bars_held": 12,
    "atr_period": 14,
    "taker_fee": 0.0004,
    "maker_fee": 0.0002,
    "risk_per_trade": 0.01,
    "max_position_size": 0.05
  },
  "metrics": {
    "avg_bars_held": 1.0,
    "avg_drawdown": 0.003298580798674417,
    "avg_entry_to_stop_pct": 0.034985534914714275,
    "avg_entry_to_tp_pct": 0.0,
    "avg_loss": -6.513924041661044,
    "avg_realized_stop_pct": 0.034985534914714275,
    "avg_realized_tp_pct": 0.0,
    "avg_slippage_bps": 0.17467101498360185,
    "avg_trade_duration": 1.0,
    "avg_win": 0.0,
    "bars_analyzed": 0,
    "calmar_ratio": -232.24341958696868,
    "daily_returns": [
      -0.0038718985542431257,
      3.2613090576963406e-07,
      3.1391048615071776e-07,
      3.3779534322754684e-07,
      -0.00043659257112664936
    ],
    "drawdown_curve": [
      0.0,
      0.0038718985542431257,
      0.0038715736860831383,
      0.0038712609909245656,
      0.0038709245032752734,
      0.004305827057520401
    ],
    "equity_curve": [
      10000.0,
      9961.281014457569,
      9961.284263139169,
      9961.287390090754,
      9961.290754967247,
      9956.941729424796
    ],
    "events_processed": 0,
    "events_rejected": 0,
    "final_equity": 9956.941729424796,
    "initial_equity": 10000,
    "losing_trades": 5,
    "max_consecutive_losses": 5,
    "max_consecutive_wins": 0,
    "max_drawdown": 0.004305827057520401,
    "max_drawdown_duration": 5,
    "monthly_returns": {},
    "pnl_by_direction": {
      "LONG": -26.926055841491852,
      "SHORT": -5.643564366813369
    },
    "pnl_by_exit_reason": {
      "stop_loss": -32.56962020830522
    },
    "pnl_by_regime": {
      "MIXED": -32.56962020830522
    },
    "pnl_by_strategy": {
      "volatility_breakout": -26.926055841491852,
      "momentum": -5.643564366813369
    },
    "pnl_by_symbol": {
      "BTCUSDT": -32.56962020830522
    },
    "profit_factor": 0.0,
    "sharpe_ratio": -106.46767655098415,
    "sortino_ratio": -93.88651965925982,
    "total_pnl": -32.56962020830522,
    "total_return_pct": -0.32569620208305217,
    "total_slippage": 0.008723513002040158,
    "total_trades": 5,
    "trades_by_direction": {
      "LONG": 4,
      "SHORT": 1
    },
    "trades_by_regime": {
      "MIXED": 5
    },
    "trades_by_strategy": {
      "volatility_breakout": 4,
      "momentum": 1
    },
    "win_rate": 0.0,
    "winning_trades": 0
  },
  "trades": [
    {
      "trade_id": "bt_pos_1",
      "symbol": "BTCUSDT",
      "signal_type": "long",
      "direction": "LONG",
      "entry_price": 114368.20000000001,
      "exit_price": 114333.88954000002,
      "quantity": 0.004371844621144688,
      "pnl": -5.649939999998979,
      "pnl_pct": -0.05649996499963978,
      "fees": 0.39994,
      "exit_reason": "stop_loss",
      "entry_seq": 9,
      "exit_seq": 10,
      "strategy": "volatility_breakout",
      "regime": "MIXED",
      "bars_held": 1,
      "atr_at_entry": 114.3682,
      "stop_loss": 114333.88954000002,
      "take_profit": 114711.30460000002,
      "equity_after": 9994.25006,
      "entry_to_stop_dist_pct": 0.029999999999994163,
      "entry_to_tp_dist_pct": 0.30000000000000526,
      "realized_stop_pct": 0.029999999999994163,
      "realized_tp_pct": 0
    },
    {
      "trade_id": "bt_pos_2",
      "symbol": "BTCUSDT",
      "signal_type": "long",
      "direction": "LONG",
      "entry_price": 114275.30000000002,
      "exit_price": 114241.01741000001,
      "quantity": 0.004372882880202458,
      "pnl": -5.646691318400025,
      "pnl_pct": -0.056499964999653846,
      "fees": 0.39971003689964,
      "exit_reason": "stop_loss",
      "entry_seq": 10,
      "exit_seq": 11,
      "strategy": "volatility_breakout",
      "regime": "MIXED",
      "bars_held": 1,
      "atr_at_entry": 114.2753,
      "stop_loss": 114241.01741000001,
      "take_profit": 114618.12590000001,
      "equity_after": 9988.503426181001,
      "entry_to_stop_dist_pct": 0.03000000000000221,
      "entry_to_tp_dist_pct": 0.2999999999999966,
      "realized_stop_pct": 0.03000000000000221,
      "realized_tp_pct": 0
    },
    {
      "trade_id": "bt_pos_3",
      "symbol": "BTCUSDT",
      "signal_type": "short",
      "direction": "SHORT",
      "entry_price": 114219.0,
      "exit_price": 114253.2657,
      "quantity": 0.004372522709085617,
      "pnl": -5.643564366813369,
      "pnl_pct": -0.05650116501165558,
      "fees": 0.3996000680677972,
      "exit_reason": "stop_loss",
      "entry_seq": 11,
      "exit_seq": 12,
      "strategy": "momentum",
      "regime": "MIXED",
      "bars_held": 1,
      "atr_at_entry": 114.21900000000001,
      "stop_loss": 114253.2657,
      "take_profit": 113876.343,
      "equity_after": 9982.759976779926,
      "entry_to_stop_dist_pct": 0.03000000000000312,
      "entry_to_tp_dist_pct": 0.3000000000000057,
      "realized_stop_pct": 0.03000000000000312,
      "realized_tp_pct": 0
    },
    {
      "trade_id": "bt_pos_4",
      "symbol": "BTCUSDT",
      "signal_type": "long",
      "direction": "LONG",
      "entry_price": 114416.70000000001,
      "exit_price": 114382.37499000001,
      "quantity": 0.004362457568160908,
      "pnl": -5.640199490320869,
      "pnl_pct": -0.05649996499965072,
      "fees": 0.3992505025113363,
      "exit_reason": "stop_loss",
      "entry_seq": 13,
      "exit_seq": 14,
      "strategy": "volatility_breakout",
      "regime": "MIXED",
      "bars_held": 1,
      "atr_at_entry": 114.4167,
      "stop_loss": 114382.37499000001,
      "take_profit": 114759.95010000002,
      "equity_after": 9977.019949689837,
      "entry_to_stop_dist_pct": 0.03000000000000041,
      "entry_to_tp_dist_pct": 0.30000000000000415,
      "realized_stop_pct": 0.03000000000000041,
      "realized_tp_pct": 0
    },
    {
      "trade_id": "bt_pos_5",
      "symbol": "BTCUSDT",
      "signal_type": "long",
      "direction": "LONG",
      "entry_price": 114503.30000000002,
      "exit_price": 114440.40600000002,
      "quantity": 0.004356651707719269,
      "pnl": -9.989225032771976,
      "pnl_pct": -0.10012333318359039,
      "fees": 0.39897119508659135,
      "exit_reason": "stop_loss",
      "entry_seq": 18,
      "exit_seq": 19,
      "strategy": "volatility_breakout",
      "regime": "MIXED",
      "bars_held": 1,
      "atr_at_entry": 209.64666666666648,
      "stop_loss": 114440.40600000002,
      "take_profit": 115132.24000000002,
      "equity_after": 9966.930954457568,
      "entry_to_stop_dist_pct": 0.05492767457357144,
      "entry_to_tp_dist_pct": 0.5492767457357144,
      "realized_stop_pct": 0.05492767457357144,
      "realized_tp_pct": 0
    }
  ],
  "parameter_updates": 0,
  "kill_triggered": true,
  "kill_reason": "5 consecutive losses"
}