{
  "metadata": {
    "generated_at": "2026-04-05T16:36:13.145682",
    "seed": 42,
    "data_source": "enhanced:BTCUSDT",
    "run_time_seconds": 5.2093377113342285,
    "bars_analyzed": 335
  },
  "settings": {
    "data_provider": "parquet",
    "symbols": [
      "BTCUSDT"
    ],
    "timeframe": "15m",
    "initial_equity": 10000,
    "leverage": 35
  },
  "config": {
    "stop_multiplier": 0.3,
    "tp_multiplier": 3.0,
    "max_bars_held": 12,
    "atr_period": 14,
    "taker_fee": 0.0004,
    "maker_fee": 0.0002,
    "risk_per_trade": 0.01,
    "max_position_size": 0.05
  },
  "metrics": {
    "avg_bars_held": 1.6,
    "avg_drawdown": 0.012738888278201558,
    "avg_entry_to_stop_pct": 0.14353343463448703,
    "avg_entry_to_tp_pct": 0.0,
    "avg_loss": -25.39496287317144,
    "avg_realized_stop_pct": 0.14353343463448703,
    "avg_realized_tp_pct": 0.0,
    "avg_slippage_bps": 0.2861378950489915,
    "avg_trade_duration": 1.6,
    "avg_win": 0.0,
    "bars_analyzed": 0,
    "calmar_ratio": -56.698329267413854,
    "daily_returns": [
      -0.017637204004434897,
      0.003262693988101001,
      -0.0005208245657556102,
      0.00013197177643382114,
      0.00021520714096173708
    ],
    "drawdown_curve": [
      0.0,
      0.017637204004434897,
      0.014432054815806077,
      0.014945362812879285,
      0.014815363402525327,
      0.014603344633563756
    ],
    "equity_curve": [
      10000.0,
      9823.627959955651,
      9855.67945184194,
      9850.546371871207,
      9851.846365974747,
      9853.966553664362
    ],
    "events_processed": 0,
    "events_rejected": 0,
    "final_equity": 9853.966553664362,
    "initial_equity": 10000,
    "losing_trades": 5,
    "max_consecutive_losses": 5,
    "max_consecutive_wins": 0,
    "max_drawdown": 0.017637204004434897,
    "max_drawdown_duration": 1,
    "monthly_returns": {},
    "pnl_by_direction": {
      "LONG": -70.88227524264627,
      "SHORT": -56.092539123210926
    },
    "pnl_by_exit_reason": {
      "stop_loss": -126.9748143658572
    },
    "pnl_by_regime": {
      "MIXED": -126.9748143658572
    },
    "pnl_by_strategy": {
      "momentum": -126.9748143658572
    },
    "pnl_by_symbol": {
      "BTCUSDT": -126.9748143658572
    },
    "profit_factor": 0.0,
    "sharpe_ratio": -72.81857415229194,
    "sortino_ratio": -63.64115809061764,
    "total_pnl": -126.9748143658572,
    "total_return_pct": -1.269748143658572,
    "total_slippage": 0.01421767980069848,
    "total_trades": 5,
    "trades_by_direction": {
      "LONG": 2,
      "SHORT": 3
    },
    "trades_by_regime": {
      "MIXED": 5
    },
    "trades_by_strategy": {
      "momentum": 5
    },
    "win_rate": 0.0,
    "winning_trades": 0
  },
  "trades": [
    {
      "trade_id": "bt_pos_1",
      "symbol": "BTCUSDT",
      "signal_type": "long",
      "direction": "LONG",
      "entry_price": 68717.80000000002,
      "exit_price": 68527.35000000002,
      "quantity": 0.007276135149844726,
      "pnl": -48.900343579101026,
      "pnl_pct": -0.489008325874269,
      "fees": 0.39944570402428486,
      "exit_reason": "stop_loss",
      "entry_seq": 36,
      "exit_seq": 37,
      "strategy": "momentum",
      "regime": "MIXED",
      "bars_held": 1,
      "atr_at_entry": 634.8333333333334,
      "stop_loss": 68527.35000000002,
      "take_profit": 70622.30000000002,
      "equity_after": 9950.999656420898,
      "entry_to_stop_dist_pct": 0.2771479878575814,
      "entry_to_tp_dist_pct": 2.771479878575856,
      "realized_stop_pct": 0.2771479878575814,
      "realized_tp_pct": 0
    },
    {
      "trade_id": "bt_pos_2",
      "symbol": "BTCUSDT",
      "signal_type": "short",
      "direction": "SHORT",
      "entry_price": 69190.7,
      "exit_price": 69256.06199999999,
      "quantity": 0.0071909950733414305,
      "pnl": -16.848851692814236,
      "pnl_pct": -0.16931987503531074,
      "fees": 0.39822799338482945,
      "exit_reason": "stop_loss",
      "entry_seq": 119,
      "exit_seq": 120,
      "strategy": "momentum",
      "regime": "MIXED",
      "bars_held": 1,
      "atr_at_entry": 217.8733333333347,
      "stop_loss": 69256.06199999999,
      "take_profit": 68537.07999999999,
      "equity_after": 9934.05129473152,
      "entry_to_stop_dist_pct": 0.09446645286143039,
      "entry_to_tp_dist_pct": 0.9446645286144091,
      "realized_stop_pct": 0.09446645286143039,
      "realized_tp_pct": 0
    },
    {
      "trade_id": "bt_pos_3",
      "symbol": "BTCUSDT",
      "signal_type": "long",
      "direction": "LONG",
      "entry_price": 70424.9,
      "exit_price": 70337.45999999999,
      "quantity": 0.007052939581548232,
      "pnl": -21.98193166354524,
      "pnl_pct": -0.22128083329626277,
      "fees": 0.3971153681744566,
      "exit_reason": "stop_loss",
      "entry_seq": 294,
      "exit_seq": 295,
      "strategy": "momentum",
      "regime": "MIXED",
      "bars_held": 1,
      "atr_at_entry": 291.46666666666374,
      "stop_loss": 70337.45999999999,
      "take_profit": 71299.29999999999,
      "equity_after": 9911.970022555028,
      "entry_to_stop_dist_pct": 0.12416063068602487,
      "entry_to_tp_dist_pct": 1.2416063068602075,
      "realized_stop_pct": 0.12416063068602487,
      "realized_tp_pct": 0
    },
    {
      "trade_id": "bt_pos_4",
      "symbol": "BTCUSDT",
      "signal_type": "short",
      "direction": "SHORT",
      "entry_price": 70017.5,
      "exit_price": 70099.382,
      "quantity": 0.007078209035280486,
      "pnl": -20.681937560005828,
      "pnl_pct": -0.20865826202446855,
      "fees": 0.3967106320670919,
      "exit_reason": "stop_loss",
      "entry_seq": 298,
      "exit_seq": 299,
      "strategy": "momentum",
      "regime": "MIXED",
      "bars_held": 1,
      "atr_at_entry": 272.9399999999975,
      "stop_loss": 70099.382,
      "take_profit": 69198.68000000001,
      "equity_after": 9891.188965294796,
      "entry_to_stop_dist_pct": 0.11694504945191958,
      "entry_to_tp_dist_pct": 1.1694504945192166,
      "realized_stop_pct": 0.11694504945191958,
      "realized_tp_pct": 0
    },
    {
      "trade_id": "bt_pos_5",
      "symbol": "BTCUSDT",
      "signal_type": "short",
      "direction": "SHORT",
      "entry_price": 68964.30000000002,
      "exit_price": 69036.67600000002,
      "quantity": 0.007171238572199525,
      "pnl": -18.561749870390866,
      "pnl_pct": -0.1876613171063055,
      "fees": 0.3958551688369525,
      "exit_reason": "stop_loss",
      "entry_seq": 330,
      "exit_seq": 334,
      "strategy": "momentum",
      "regime": "MIXED",
      "bars_held": 4,
      "atr_at_entry": 241.25333333333546,
      "stop_loss": 69036.67600000002,
      "take_profit": 68240.54000000001,
      "equity_after": 9872.528303534753,
      "entry_to_stop_dist_pct": 0.1049470523154789,
      "entry_to_tp_dist_pct": 1.049470523154747,
      "realized_stop_pct": 0.1049470523154789,
      "realized_tp_pct": 0
    }
  ],
  "parameter_updates": 0,
  "kill_triggered": true,
  "kill_reason": "5 consecutive losses"
}