{
  "metadata": {
    "generated_at": "2026-04-05T16:37:22.582621",
    "seed": 42,
    "data_source": "enhanced:BTCUSDT",
    "run_time_seconds": 1.6523654460906982,
    "bars_analyzed": 101
  },
  "settings": {
    "data_provider": "parquet",
    "symbols": [
      "BTCUSDT"
    ],
    "timeframe": "15m",
    "initial_equity": 10000,
    "leverage": 35
  },
  "config": {
    "stop_multiplier": 0.3,
    "tp_multiplier": 3.0,
    "max_bars_held": 12,
    "atr_period": 14,
    "taker_fee": 0.0004,
    "maker_fee": 0.0002,
    "risk_per_trade": 0.01,
    "max_position_size": 0.05
  },
  "metrics": {
    "avg_bars_held": 2.5,
    "avg_drawdown": 0.0058493119272525805,
    "avg_entry_to_stop_pct": 0.07308866220160641,
    "avg_entry_to_tp_pct": 0.0,
    "avg_loss": -13.439799152057907,
    "avg_realized_stop_pct": 0.07435016481208942,
    "avg_realized_tp_pct": 0.47175945033279293,
    "avg_slippage_bps": 0.25991379350879457,
    "avg_trade_duration": 2.5,
    "avg_win": 81.96577678725608,
    "bars_analyzed": 0,
    "calmar_ratio": -99.9744045720592,
    "daily_returns": [
      -0.002441172445862321,
      -7.545667175256955e-06,
      0.009376834050202365,
      -0.009159543507043321,
      -0.000347646008026106,
      -0.0005030037613302851,
      0.00040341070214393657,
      0.00011868722220905347
    ],
    "drawdown_curve": [
      0.0,
      0.002441172445862321,
      0.002448699692762784,
      0.0,
      0.009159543507043321,
      0.009504005236333863,
      0.010002228447282569,
      0.009602852751139555,
      0.009485305264848818
    ],
    "equity_curve": [
      10000.0,
      9975.588275541377,
      9975.513003072372,
      10069.051733067818,
      9976.823815644113,
      9973.355412671825,
      9968.338777386167,
      9972.36011193156,
      9973.543703652114
    ],
    "events_processed": 0,
    "events_rejected": 0,
    "final_equity": 9973.543703652114,
    "initial_equity": 10000,
    "losing_trades": 7,
    "max_consecutive_losses": 5,
    "max_consecutive_wins": 1,
    "max_drawdown": 0.010002228447282569,
    "max_drawdown_duration": 3,
    "monthly_returns": {},
    "pnl_by_direction": {
      "LONG": 1.6177263315886332,
      "SHORT": -13.730543608737902
    },
    "pnl_by_exit_reason": {
      "stop_loss": -94.07859406440535,
      "time_exit": 81.96577678725608
    },
    "pnl_by_regime": {
      "MIXED": -12.11281727714927
    },
    "pnl_by_strategy": {
      "volatility_breakout": -66.80579782721917,
      "momentum": 54.69298055006989
    },
    "pnl_by_symbol": {
      "BTCUSDT": -12.11281727714927
    },
    "profit_factor": 0.8712478922797576,
    "sharpe_ratio": -12.716226935333653,
    "sortino_ratio": -17.4102711628808,
    "total_pnl": -12.112817277149261,
    "total_return_pct": -0.12112817277149261,
    "total_slippage": 0.013015612754698487,
    "total_trades": 8,
    "trades_by_direction": {
      "LONG": 7,
      "SHORT": 1
    },
    "trades_by_regime": {
      "MIXED": 8
    },
    "trades_by_strategy": {
      "volatility_breakout": 5,
      "momentum": 3
    },
    "win_rate": 0.125,
    "winning_trades": 1
  },
  "trades": [
    {
      "trade_id": "bt_pos_1",
      "symbol": "BTCUSDT",
      "signal_type": "long",
      "direction": "LONG",
      "entry_price": 124277.70000000001,
      "exit_price": 124198.888,
      "quantity": 0.0040232479358726465,
      "pnl": -11.49768073918405,
      "pnl_pct": -0.11497795717141221,
      "fees": 0.3998731679134712,
      "exit_reason": "stop_loss",
      "entry_seq": 15,
      "exit_seq": 16,
      "strategy": "volatility_breakout",
      "regime": "MIXED",
      "bars_held": 1,
      "atr_at_entry": 262.70666666666705,
      "stop_loss": 124198.888,
      "take_profit": 125065.82,
      "equity_after": 9988.402319260815,
      "entry_to_stop_dist_pct": 0.06341604326440331,
      "entry_to_tp_dist_pct": 0.6341604326439862,
      "realized_stop_pct": 0.06341604326440331,
      "realized_tp_pct": 0
    },
    {
      "trade_id": "bt_pos_2",
      "symbol": "BTCUSDT",
      "signal_type": "long",
      "direction": "LONG",
      "entry_price": 124449.80000000002,
      "exit_price": 124370.24800000002,
      "quantity": 0.004013024657034729,
      "pnl": -11.572953208189807,
      "pnl_pct": -0.11586506599321335,
      "fees": 0.39940839511542603,
      "exit_reason": "stop_loss",
      "entry_seq": 19,
      "exit_seq": 20,
      "strategy": "volatility_breakout",
      "regime": "MIXED",
      "bars_held": 1,
      "atr_at_entry": 265.1733333333328,
      "stop_loss": 124370.24800000002,
      "take_profit": 125245.32000000002,
      "equity_after": 9976.729482029432,
      "entry_to_stop_dist_pct": 0.06392296331532556,
      "entry_to_tp_dist_pct": 0.6392296331532906,
      "realized_stop_pct": 0.06392296331532556,
      "realized_tp_pct": 0
    },
    {
      "trade_id": "bt_pos_3",
      "symbol": "BTCUSDT",
      "signal_type": "long",
      "direction": "LONG",
      "entry_price": 123813.1,
      "exit_price": 124397.2,
      "quantity": 0.004028947454683483,
      "pnl": 81.96577678725608,
      "pnl_pct": 0.8215778186715678,
      "fees": 0.40001050256448956,
      "exit_reason": "time_exit",
      "entry_seq": 35,
      "exit_seq": 47,
      "strategy": "momentum",
      "regime": "MIXED",
      "bars_held": 12,
      "atr_at_entry": 265.199999999999,
      "stop_loss": 123733.54000000001,
      "take_profit": 124608.7,
      "equity_after": 10058.595491521868,
      "entry_to_stop_dist_pct": 0.06425814392822542,
      "entry_to_tp_dist_pct": 0.642581439282266,
      "realized_stop_pct": 0,
      "realized_tp_pct": 0.47175945033279293
    },
    {
      "trade_id": "bt_pos_4",
      "symbol": "BTCUSDT",
      "signal_type": "long",
      "direction": "LONG",
      "entry_price": 124397.20000000001,
      "exit_price": 124327.52000000002,
      "quantity": 0.004042934845608208,
      "pnl": -10.262140636449168,
      "pnl_pct": -0.10202461434632237,
      "fees": 0.402231134980858,
      "exit_reason": "stop_loss",
      "entry_seq": 47,
      "exit_seq": 49,
      "strategy": "volatility_breakout",
      "regime": "MIXED",
      "bars_held": 2,
      "atr_at_entry": 232.26666666666569,
      "stop_loss": 124327.52000000002,
      "take_profit": 125094.00000000001,
      "equity_after": 10048.232764930504,
      "entry_to_stop_dist_pct": 0.056014122504359436,
      "entry_to_tp_dist_pct": 0.5601412250436527,
      "realized_stop_pct": 0.056014122504359436,
      "realized_tp_pct": 0
    },
    {
      "trade_id": "bt_pos_5",
      "symbol": "BTCUSDT",
      "signal_type": "short",
      "direction": "SHORT",
      "entry_price": 123825.4,
      "exit_price": 123919.256,
      "quantity": 0.004057419868997195,
      "pnl": -13.730543608737902,
      "pnl_pct": -0.13664771942255083,
      "fees": 0.4020816358769101,
      "exit_reason": "stop_loss",
      "entry_seq": 55,
      "exit_seq": 56,
      "strategy": "momentum",
      "regime": "MIXED",
      "bars_held": 1,
      "atr_at_entry": 312.8533333333316,
      "stop_loss": 123919.256,
      "take_profit": 122886.84,
      "equity_after": 10034.401738994118,
      "entry_to_stop_dist_pct": 0.07579704971677845,
      "entry_to_tp_dist_pct": 0.7579704971677844,
      "realized_stop_pct": 0.07579704971677845,
      "realized_tp_pct": 0
    },
    {
      "trade_id": "bt_pos_6",
      "symbol": "BTCUSDT",
      "signal_type": "long",
      "direction": "LONG",
      "entry_price": 122008.20000000001,
      "exit_price": 121880.73200000002,
      "quantity": 0.004112183336445468,
      "pnl": -18.7471788943957,
      "pnl_pct": -0.18683093278203428,
      "fees": 0.40116640084555283,
      "exit_reason": "stop_loss",
      "entry_seq": 82,
      "exit_seq": 83,
      "strategy": "volatility_breakout",
      "regime": "MIXED",
      "bars_held": 1,
      "atr_at_entry": 424.89333333333394,
      "stop_loss": 121880.73200000002,
      "take_profit": 123282.88000000002,